<?xml version="1.0" encoding="UTF-8"?>
<project-private xmlns="http://www.netbeans.org/ns/project-private/1">
    <editor-bookmarks xmlns="http://www.netbeans.org/ns/editor-bookmarks/2" lastBookmarkId="0"/>
    <open-files xmlns="http://www.netbeans.org/ns/projectui-open-files/2">
        <group>
            <file>file:/C:/Users/faelb/OneDrive/Documentos/NetBeansProjects/P2_SGCA/SGCA/src/gui/Cadastro.java</file>
            <file>file:/C:/Users/faelb/OneDrive/Documentos/NetBeansProjects/P2_SGCA/SGCA/src/model/Aluno.java</file>
            <file>file:/C:/Users/faelb/OneDrive/Documentos/NetBeansProjects/P2_SGCA/SGCA/src/model/Curso.java</file>
            <file>file:/C:/Users/faelb/OneDrive/Documentos/NetBeansProjects/P2_SGCA/SGCA/src/dao/AlunoDAO.java</file>
        </group>
    </open-files>
</project-private>
